Agency,Region,Position Title,Plantilla Item No.,Posting Date,Closing Date
"CGO BINAN, LAGUNA",Region IV,MIDWIFE II,O-174,13 Mar 2026,30 Mar 2026
"CGO BINAN, LAGUNA",Region IV,ADMINISTRATIVE AIDE IV (DRIVER II),70,13 Mar 2026,30 Mar 2026
"CGO BINAN, LAGUNA",Region IV,ADMINISTRATIVE AIDE IV (DRIVER II),69,13 Mar 2026,30 Mar 2026
"CGO BINAN, LAGUNA",Region IV,ADMINISTRATIVE AIDE IV (DRIVER II),71,13 Mar 2026,30 Mar 2026
"CGO BINAN, LAGUNA",Region IV,ADMINISTRATIVE AIDE III (UTILITY WORKER II),95,13 Mar 2026,30 Mar 2026
"CGO BINAN, LAGUNA",Region IV,ADMINISTRATIVE AIDE IV (DRIVER II),72,13 Mar 2026,30 Mar 2026
"CGO BINAN, LAGUNA",Region IV,ADMINISTRATIVE AIDE II (MESSENGER),979,13 Mar 2026,30 Mar 2026
"CGO BINAN, LAGUNA",Region IV,ADMINISTRATIVE AIDE II (MESSENGER),110,13 Mar 2026,30 Mar 2026
"CGO BINAN, LAGUNA",Region IV,ADMINISTRATIVE ASSISTANT V (DATA CONTROLLER III),459,13 Mar 2026,30 Mar 2026
"CGO BINAN, LAGUNA",Region IV,SENIOR ADMINISTRATIVE ASSISTANT II (COMPUTER OPERATOR IV),460,13 Mar 2026,30 Mar 2026
"CGO BINAN, LAGUNA",Region IV,ADMINISTRATIVE ASSISTANT VI (COMPUTER OPERATOR III),1074,13 Mar 2026,30 Mar 2026
"CGO BINAN, LAGUNA",Region IV,ADMINISTRATIVE ASSISTANT I (REPRODUCTION MACHINE OPERATOR III),304,13 Mar 2026,30 Mar 2026
"CGO BINAN, LAGUNA",Region IV,DRAFTSMAN I,607,13 Mar 2026,30 Mar 2026
"CGO BINAN, LAGUNA",Region IV,HOUSING AND HOMESITE REGULATIONS ASSISTANT,1133,13 Mar 2026,30 Mar 2026
"CGO BINAN, LAGUNA",Region IV,ADMINISTRATIVE ASSISTANT IV (BOOKBINDER IV),391,13 Mar 2026,30 Mar 2026
"CGO BINAN, LAGUNA",Region IV,ADMINISTRATIVE ASSISTANT IV (BOOKBINDER IV),390,13 Mar 2026,30 Mar 2026
"CGO BINAN, LAGUNA",Region IV,ADMINISTRATIVE AIDE III (LABORER II),659,13 Mar 2026,30 Mar 2026
"CGO BINAN, LAGUNA",Region IV,ANIMAL KEEPER III,878,13 Mar 2026,30 Mar 2026
"CGO BINAN, LAGUNA",Region IV,ANIMAL KEEPER I,893,13 Mar 2026,30 Mar 2026
"CGO BINAN, LAGUNA",Region IV,EDUCATION RESEARCH ASSISTANT I,905,13 Mar 2026,30 Mar 2026
"CGO BINAN, LAGUNA",Region IV,ADMINISTRATIVE AIDE III (UTILITY WORKER II),869,13 Mar 2026,30 Mar 2026
"CGO BINAN, LAGUNA",Region IV,ADMINISTRATIVE AIDE IV (BOOKBINDER II),593,13 Mar 2026,30 Mar 2026
"CGO BINAN, LAGUNA",Region IV,ADMINISTRATIVE AIDE III (UTILITY WORKER II),870,13 Mar 2026,30 Mar 2026
"CGO BINAN, LAGUNA",Region IV,ADMINISTRATIVE AIDE III (UTILITY WORKER II),871,13 Mar 2026,30 Mar 2026
"CGO BINAN, LAGUNA",Region IV,ADMINISTRATIVE AIDE III (UTILITY WORKER II),872,13 Mar 2026,30 Mar 2026
"CGO BINAN, LAGUNA",Region IV,PROCESS SERVER,373,13 Mar 2026,30 Mar 2026
"CGO BINAN, LAGUNA",Region IV,ADMINISTRATIVE AIDE III (UTILITY WORKER II),873,13 Mar 2026,30 Mar 2026
"CGO BINAN, LAGUNA",Region IV,ADMINISTRATIVE AIDE IV (DRIVER II),325,13 Mar 2026,30 Mar 2026
"CGO BINAN, LAGUNA",Region IV,ADMINISTRATIVE AIDE IV (CLERK II),335,13 Mar 2026,30 Mar 2026
"CGO BINAN, LAGUNA",Region IV,TICKET CHECKER,344,13 Mar 2026,30 Mar 2026
"CGO BINAN, LAGUNA",Region IV,ADMINISTRATIVE AIDE III (DRIVER I),1002,13 Mar 2026,30 Mar 2026
"CGO BINAN, LAGUNA",Region IV,SENIOR ADMINISTRATIVE ASSISTANT I (DATA CONTROLLER IV),321,13 Mar 2026,30 Mar 2026
"CGO BINAN, LAGUNA",Region IV,ADMINISTRATIVE AIDE I (UTILITY WORKER I),700,13 Mar 2026,30 Mar 2026
"CGO BINAN, LAGUNA",Region IV,ADMINISTRATIVE AIDE I (UTILITY WORKER I),LSB-57,13 Mar 2026,30 Mar 2026
"CGO BINAN, LAGUNA",Region IV,ADMINISTRATIVE AIDE I (UTILITY WORKER I),1103,13 Mar 2026,30 Mar 2026
"CGO BINAN, LAGUNA",Region IV,ADMINISTRATIVE AIDE II (MESSENGER),1101,13 Mar 2026,30 Mar 2026
"CGO BINAN, LAGUNA",Region IV,TOURISM OPERATIONS ASSISTANT,1090,13 Mar 2026,30 Mar 2026
"CGO BINAN, LAGUNA",Region IV,ADMINISTRATIVE ASSISTANT II (HRMA),560,13 Mar 2026,30 Mar 2026
"CGO BINAN, LAGUNA",Region IV,ADMINISTRATIVE AIDE III (UTILITY WORKER II),567,13 Mar 2026,30 Mar 2026
"CGO BINAN, LAGUNA",Region IV,ADMINISTRATIVE AIDE I (UTILITY WORKER I),LSB-58,13 Mar 2026,30 Mar 2026
"CGO BINAN, LAGUNA",Region IV,ADMINISTRATIVE AIDE I (UTILITY WORKER I),LSB-60,13 Mar 2026,30 Mar 2026
"CGO BINAN, LAGUNA",Region IV,ADMINISTRATIVE AIDE I (UTILITY WORKER I),LSB-59,13 Mar 2026,30 Mar 2026
"CGO BINAN, LAGUNA",Region IV,ADMINISTRATIVE AIDE I (UTILITY WORKER I),LSB-61,13 Mar 2026,30 Mar 2026
"CGO BINAN, LAGUNA",Region IV,ADMINISTRATIVE AIDE I (UTILITY WORKER I),LSB-62,13 Mar 2026,30 Mar 2026
"CGO BINAN, LAGUNA",Region IV,ADMINISTRATIVE AIDE I (UTILITY WORKER I),LSB-63,13 Mar 2026,30 Mar 2026
"CGO BINAN, LAGUNA",Region IV,ADMINISTRATIVE AIDE I (UTILITY WORKER I),LSB-67,13 Mar 2026,30 Mar 2026
"CGO BINAN, LAGUNA",Region IV,ADMINISTRATIVE AIDE I (UTILITY WORKER I),LSB-66,13 Mar 2026,30 Mar 2026
"CGO BINAN, LAGUNA",Region IV,ADMINISTRATIVE AIDE I (UTILITY WORKER I),LSB-68,13 Mar 2026,30 Mar 2026
"CGO BINAN, LAGUNA",Region IV,ADMINISTRATIVE AIDE I (UTILITY WORKER I),LSB-70,13 Mar 2026,30 Mar 2026
"CGO BINAN, LAGUNA",Region IV,ADMINISTRATIVE AIDE I (UTILITY WORKER I),LSB-69,13 Mar 2026,30 Mar 2026
"CGO BINAN, LAGUNA",Region IV,ADMINISTRATIVE AIDE I (UTILITY WORKER I),LSB-71,13 Mar 2026,30 Mar 2026
"CGO BINAN, LAGUNA",Region IV,ADMINISTRATIVE AIDE I (UTILITY WORKER I),LSB-72,13 Mar 2026,30 Mar 2026
"CGO BINAN, LAGUNA",Region IV,ADMINISTRATIVE AIDE I (UTILITY WORKER I),LSB-73,13 Mar 2026,30 Mar 2026
"CGO BINAN, LAGUNA",Region IV,ADMINISTRATIVE AIDE I (UTILITY WORKER I),LSB-75,13 Mar 2026,30 Mar 2026
"CGO BINAN, LAGUNA",Region IV,ADMINISTRATIVE AIDE I (UTILITY WORKER I),LSB-74,13 Mar 2026,30 Mar 2026
"CGO BINAN, LAGUNA",Region IV,ADMINISTRATIVE AIDE I (UTILITY WORKER I),LSB-76,13 Mar 2026,30 Mar 2026
"CGO BINAN, LAGUNA",Region IV,ADMINISTRATIVE AIDE III (UTILITY WORKER II),LSB-78,13 Mar 2026,30 Mar 2026
"CGO BINAN, LAGUNA",Region IV,ADMINISTRATIVE AIDE II (CLERK I),LSB-19,13 Mar 2026,30 Mar 2026
"CGO BINAN, LAGUNA",Region IV,ADMINISTRATIVE AIDE III (UTILITY WORKER II),LSB-84,13 Mar 2026,30 Mar 2026
"CGO BINAN, LAGUNA",Region IV,ADMINISTRATIVE AIDE III (UTILITY WORKER II),LSB-85,13 Mar 2026,30 Mar 2026
"CGO BINAN, LAGUNA",Region IV,LIVESTOCK INSPECTOR I,888,13 Mar 2026,30 Mar 2026
"CGO BINAN, LAGUNA",Region IV,MEAT INSPECTOR I,886,13 Mar 2026,30 Mar 2026
"CGO BINAN, LAGUNA",Region IV,SOCIAL WELFARE AIDE,814,13 Mar 2026,30 Mar 2026
"CGO BINAN, LAGUNA",Region IV,ADMINISTRATIVE AIDE III (UTILITY WORKER II),1011,13 Mar 2026,30 Mar 2026
"CGO BINAN, LAGUNA",Region IV,LICENSE INSPECTOR I,941,13 Mar 2026,30 Mar 2026
"CGO BINAN, LAGUNA",Region IV,ASSESSMENT CLERK II,945,13 Mar 2026,30 Mar 2026
"CGO BINAN, LAGUNA",Region IV,ADMINISTRATIVE AIDE III (UTILITY WORKER II),960,13 Mar 2026,30 Mar 2026
"CGO BINAN, LAGUNA",Region IV,TRAFFIC AIDE I,1063,13 Mar 2026,30 Mar 2026
"CGO BINAN, LAGUNA",Region IV,ADMINISTRATIVE AIDE IV (CLERK II),1043,13 Mar 2026,30 Mar 2026
"CGO BINAN, LAGUNA",Region IV,SANITATION INSPECTOR I,488,13 Mar 2026,30 Mar 2026
"CGO BINAN, LAGUNA",Region IV,ADMINISTRATIVE AIDE III (UTILITY WORKER II),534,13 Mar 2026,30 Mar 2026
"CGO BINAN, LAGUNA",Region IV,TICKET CHECKER,379,13 Mar 2026,30 Mar 2026
"CGO BINAN, LAGUNA",Region IV,TICKET CHECKER,378,13 Mar 2026,30 Mar 2026
"CGO BINAN, LAGUNA",Region IV,TICKET CHECKER,348,13 Mar 2026,30 Mar 2026
"CGO BINAN, LAGUNA",Region IV,TICKET CHECKER,345,13 Mar 2026,30 Mar 2026
"CGO BINAN, LAGUNA",Region IV,ADMINISTRATIVE AIDE I (UTILITY WORKER I),LSB-65,13 Mar 2026,30 Mar 2026
"CGO BINAN, LAGUNA",Region IV,ADMINISTRATIVE AIDE I (UTILITY WORKER I),LSB-64,13 Mar 2026,30 Mar 2026
DEPARTMENT OF AGRARIAN REFORM,Region I,Senior Agrarian Reform Program Officer,SARPO-386-2014,13 Mar 2026,31 Mar 2026
DEPARTMENT OF AGRARIAN REFORM,Region I,Agrarian Reform Program Officer II,ARPO2-756-2014,13 Mar 2026,31 Mar 2026
DEPARTMENT OF AGRARIAN REFORM,Region I,Agrarian Reform Program Officer II,ARPO2-766-2014,13 Mar 2026,31 Mar 2026
DEPARTMENT OF LABOR AND EMPLOYMENT,Region I,Chief Labor and Employment Officer,OSEC-DOLEB-CLEO-5-2004,13 Mar 2026,23 Mar 2026
DEPARTMENT OF LABOR AND EMPLOYMENT,Region I,Chief Labor and Employment Officer,OSEC-DOLEB-CLEO-36-1998,13 Mar 2026,23 Mar 2026
DEPARTMENT OF EDUCATION,Region XII,Administrative Officer II,OSEC-DECSB-ADOF2-840159-2021,13 Mar 2026,26 Mar 2026
DEPARTMENT OF EDUCATION,Region XII,"Teacher III
(Secondary)",OSEC-DECSB-TCH3-840352-2015,13 Mar 2026,26 Mar 2026
DEPARTMENT OF EDUCATION,Region XII,"Teacher I
(Elementary)",OSEC-DECSB-TCH1-841191-2003,13 Mar 2026,26 Mar 2026
DEPARTMENT OF EDUCATION,Region XII,"Teacher III
(Secondary)",OSEC-DECSB-TCH3-840630-2020,13 Mar 2026,26 Mar 2026
DEPARTMENT OF EDUCATION,Region XII,"Teacher I
(Elementary)",OSEC-DECSB-TCH1-840080-2012,13 Mar 2026,26 Mar 2026
DEPARTMENT OF EDUCATION,Region XII,"Teacher III
(Elementary)",OSEC-DECSB-TCH3-840389-2015,13 Mar 2026,26 Mar 2026
DEPARTMENT OF EDUCATION,Region XII,"Teacher II
(Elementary)",OSEC-DECSB-TCH2-840149-2023,13 Mar 2026,26 Mar 2026
DEPARTMENT OF EDUCATION,Region XII,"Teacher II
(Elementary)",OSEC-DECSB-TCH2-840367-2018,13 Mar 2026,26 Mar 2026
DEPARTMENT OF EDUCATION,Region XII,"Teacher III
(Elementary)",OSEC-DECSB-TCH3-840214-2003,13 Mar 2026,26 Mar 2026
DEPARTMENT OF EDUCATION,Region XII,"Teacher II
(Elementary)",OSEC-DECSB-TCH2-840382-2020,13 Mar 2026,26 Mar 2026
DEPARTMENT OF EDUCATION,Region XII,"Teacher II
(Elementary)",OSEC-DECSB-TCH2-840167-2003,13 Mar 2026,26 Mar 2026
DEPARTMENT OF EDUCATION,Region XII,"Teacher II
(Elementary)",OSEC-DECSB-TCH2-840146-2003,13 Mar 2026,26 Mar 2026
DEPARTMENT OF EDUCATION,Region XII,"Teacher II
(Elementary)",OSEC-DECSB-TCH2-840433-2021,13 Mar 2026,26 Mar 2026
DEPARTMENT OF EDUCATION,Region XII,"Master Teacher I
(Secondary)",OSEC-DECSB-MTCHR1-840020-2014,13 Mar 2026,26 Mar 2026
DEPARTMENT OF EDUCATION,Region XII,"Master Teacher I
(Elementary)",OSEC-DECSB-MTCHR1-840144-2003,13 Mar 2026,26 Mar 2026
DEPARTMENT OF EDUCATION,Region XII,"Teacher II
(Senior High School Teacher II - Academic Track and
Core Subjects)",OSEC-DECSB-TCH2-840348-2019,13 Mar 2026,26 Mar 2026
DEPARTMENT OF EDUCATION,Region XII,"Teacher I
(Secondary)",OSEC-DECSB-TCH1-840766-2012,13 Mar 2026,26 Mar 2026
DEPARTMENT OF EDUCATION,Region XII,"Teacher II
(Elementary)",OSEC-DECSB-TCH2-841639-2017,13 Mar 2026,26 Mar 2026
DEPARTMENT OF EDUCATION,Region XII,"Teacher I
(Elementary)",OSEC-DECSB-TCH1-840842-2017,13 Mar 2026,26 Mar 2026
DEPARTMENT OF EDUCATION,Region XII,"Teacher II
(Secondary)",OSEC-DECSB-TCH2-840532-2020,13 Mar 2026,26 Mar 2026
DEPARTMENT OF EDUCATION,Region XII,"Teacher II
(Secondary)",OSEC-DECSB-TCH2-840654-2003,13 Mar 2026,26 Mar 2026
DEPARTMENT OF EDUCATION,Region XII,"Teacher I
(Secondary)",OSEC-DECSB-TCH1-844866-2003,13 Mar 2026,26 Mar 2026
DEPARTMENT OF EDUCATION,Region XII,"Teacher I
(Secondary)",OSEC-DECSB-TCH1-840773-2017,13 Mar 2026,26 Mar 2026
DEPARTMENT OF EDUCATION,Region XII,"Teacher I
(Elementary)",OSEC-DECSB-TCH1-840460-2008,13 Mar 2026,26 Mar 2026
DEPARTMENT OF EDUCATION,Region XII,"Teacher I
(Elementary)",OSEC-DECSB-TCH1-840050-2019,13 Mar 2026,26 Mar 2026
CITY OF KORONADAL WATER DISTRICT,Region XII,Corporate Planning Assistant B,11,13 Mar 2026,26 Mar 2026
CITY OF KORONADAL WATER DISTRICT,Region XII,Industrial Relations Management Assistant B,9,13 Mar 2026,26 Mar 2026
CITY OF KORONADAL WATER DISTRICT,Region XII,Records Assistant,10,13 Mar 2026,26 Mar 2026
CITY OF KORONADAL WATER DISTRICT,Region XII,Water Maintenance Man C,108,13 Mar 2026,26 Mar 2026
CITY OF KORONADAL WATER DISTRICT,Region XII,Water Maintenance General Foreman,59,13 Mar 2026,26 Mar 2026
CITY OF KORONADAL WATER DISTRICT,Region XII,Laboratory Technician C,54,13 Mar 2026,26 Mar 2026
CITY OF KORONADAL WATER DISTRICT,Region XII,Collection Assistant,32,13 Mar 2026,26 Mar 2026
CITY OF KORONADAL WATER DISTRICT,Region XII,Cashiering Assistant,31,13 Mar 2026,26 Mar 2026
CITY OF KORONADAL WATER DISTRICT,Region XII,Accounting Processor B,29,13 Mar 2026,26 Mar 2026
CITY OF KORONADAL WATER DISTRICT,Region XII,Property Assistant A,18,13 Mar 2026,26 Mar 2026
CIVIL SERVICE COMMISSION,Region XI,Attorney III,ATY3-10-2020,12 Mar 2026,23 Mar 2026
"MGO BUCLOC, ABRA",CAR,Administrative Aide III (Driver I),I-8,12 Mar 2026,27 Mar 2026
"MGO GENERAL MARIANO ALVAREZ, CAVITE",Region IV,Administrative Aide III (Utility Worker II),182,12 Mar 2026,27 Mar 2026
DEPARTMENT OF EDUCATION,Region IV,Legal Assistant I,OSEC-DECSB-LEA1-270002-2025,12 Mar 2026,25 Mar 2026
DEPARTMENT OF PUBLIC WORKS AND HIGHWAYS,Region V,Engineer II,OSEC-DPWHB-ENG2-222-1998,12 Mar 2026,23 Mar 2026
PAROLE AND PROBATION ADMINISTRATION,CAR,Supervising Probation Officer,PPAB SVPROB 139 1998,12 Mar 2026,23 Mar 2026
PAROLE AND PROBATION ADMINISTRATION,CAR,Probation Officer II,PPAB PROB2 233 1998,12 Mar 2026,23 Mar 2026
PAROLE AND PROBATION ADMINISTRATION,CAR,Probation Officer II,PPAB PROB2 246 1998,12 Mar 2026,23 Mar 2026
PGO SURIGAO DEL SUR,CARAGA,Administrative Assistant III (Senior Bookkeeper),7,12 Mar 2026,30 Mar 2026
PGO SURIGAO DEL SUR,CARAGA,Nutritionist-Dietitian II,25,12 Mar 2026,30 Mar 2026
CGO BISLIG,CARAGA,Administrative Officer V (Administrative Officer III),CAIASO-005,12 Mar 2026,27 Mar 2026
CGO BISLIG,CARAGA,Agricultural Technologist,AGRI-027,12 Mar 2026,27 Mar 2026
CGO BISLIG,CARAGA,City Government Department Head I (City Assessor I),CASSO-001,12 Mar 2026,27 Mar 2026
CGO BISLIG,CARAGA,Local Assessment Operations Officer III,CASSO-005,12 Mar 2026,27 Mar 2026
CGO BISLIG,CARAGA,Tax Mapper III,CASSO-008,12 Mar 2026,27 Mar 2026
CGO BISLIG,CARAGA,Administrative Officer II (Budget Officer I),CBO-004,12 Mar 2026,27 Mar 2026
CGO BISLIG,CARAGA,Administrative Officer II (Budget Officer I),CBO-008,12 Mar 2026,27 Mar 2026
CGO BISLIG,CARAGA,City Government Department Head I (City Cooperatives Officer I),COOP-001,12 Mar 2026,27 Mar 2026
CGO BISLIG,CARAGA,Local Disaster Risk Reduction Management Officer II,CDRRMO-007,12 Mar 2026,27 Mar 2026
CGO BISLIG,CARAGA,Administrative Officer V (Administrative Officer III),CEEDO-020,12 Mar 2026,27 Mar 2026
CGO BISLIG,CARAGA,Engineer IV,CEO-003,12 Mar 2026,27 Mar 2026
CGO BISLIG,CARAGA,Midwife II,CHOMGY-029,12 Mar 2026,27 Mar 2026
CGO BISLIG,CARAGA,Midwife I,CHOMGY-033,12 Mar 2026,27 Mar 2026
CGO BISLIG,CARAGA,Social Welfare Officer I,CSWDO-005,12 Mar 2026,27 Mar 2026
CGO BISLIG,CARAGA,Administrative Officer I (Records Officer I),CHRMO-030,12 Mar 2026,27 Mar 2026
CGO BISLIG,CARAGA,Veterinarian II,CITYVET-003,12 Mar 2026,27 Mar 2026
DEPARTMENT OF EDUCATION,CARAGA,COMPUTER PROGRAMMER II,OSEC-DECSB-COMPRO2-1020017-2014,12 Mar 2026,25 Mar 2026
DEPARTMENT OF EDUCATION,CARAGA,ACCOUNTANT I,OSEC-DECSB-A1-1020001-1999,12 Mar 2026,25 Mar 2026
DEPARTMENT OF EDUCATION,CAR,Administrative Assistant II (Disbursing Officer II),OSEC-DECSB-ADAS2-90029-2014,12 Mar 2026,23 Mar 2026
DEPARTMENT OF PUBLIC WORKS AND HIGHWAYS,Region I,Engineer II (Electrical Engineer),ENG2-1498-1998,12 Mar 2026,23 Mar 2026
DEPARTMENT OF EDUCATION,CAR,School Principal II,OSEC-DECSB-SP2-90074-2016,12 Mar 2026,23 Mar 2026
DEPARTMENT OF EDUCATION,CAR,EDUCATION PROGRAM SPECIALIST II,OSEC-DECSB-EPS2-90011-2014,12 Mar 2026,23 Mar 2026
DEPARTMENT OF EDUCATION,CAR,Planning Officer III,OSEC-DECSB-PLO3-90009-2014,12 Mar 2026,23 Mar 2026
DEPARTMENT OF EDUCATION,CAR,Administrative Aide I (Utility Worker I),OSEC-DECSB-ADA1-90174-2004,12 Mar 2026,23 Mar 2026
DEPARTMENT OF SOCIAL WELFARE AND DEVELOPMENT,Region VIII,Administrative Aide IV (Clerk II),OSEC-DSWDB-ADA4-753-2004,12 Mar 2026,23 Mar 2026
DEPARTMENT OF EDUCATION,CAR,Teacher III (Elementary),OSEC-DECSB-TCH3-90862-1998,12 Mar 2026,23 Mar 2026
DEPARTMENT OF EDUCATION,CAR,Teacher II (Elementary),anticipated vacancy,12 Mar 2026,23 Mar 2026
DEPARTMENT OF EDUCATION,CAR,Teacher I (Elementary),anticipated vacancy,12 Mar 2026,23 Mar 2026
DEPARTMENT OF EDUCATION,CAR,Teacher I (Elementary),OSEC-DECSB-TCH1-90393-2025,12 Mar 2026,23 Mar 2026
DEPARTMENT OF EDUCATION,CAR,Teacher I (Secondary),OSEC-DECSB-TCH1-91464-1998,12 Mar 2026,23 Mar 2026
DEPARTMENT OF EDUCATION,CAR,Master Teacher I (Elementary),anticipated vacancy,12 Mar 2026,23 Mar 2026
DEPARTMENT OF EDUCATION,CAR,Teacher III (Elementary),anticipated vacancy,12 Mar 2026,23 Mar 2026
DEPARTMENT OF EDUCATION,CAR,Teacher II (Elementary),anticipated vacancy,12 Mar 2026,23 Mar 2026
DEPARTMENT OF EDUCATION,CAR,Teacher I (Elementary),anticipated vacancy,12 Mar 2026,23 Mar 2026
DEPARTMENT OF EDUCATION,Region XI,Teacher I (Elementary),OSEC-DECSB-TCH1-783631-1998,12 Mar 2026,23 Mar 2026
DEPARTMENT OF EDUCATION,Region XI,Teacher I (Elementary),OSEC-DECSB-TCH1-751611-2018,12 Mar 2026,23 Mar 2026
DEPARTMENT OF EDUCATION,Region XI,Teacher I (Elementary),OSEC-DECSB-TCH1-751592-2018,12 Mar 2026,23 Mar 2026
DEPARTMENT OF EDUCATION,Region XI,Teacher I (Elementary),OSEC-DECSB-TCH1-750007-2007,12 Mar 2026,23 Mar 2026
DEPARTMENT OF EDUCATION,Region XI,Teacher I (Elementary),OSEC-DECSB-TCH1-788165-1998,12 Mar 2026,23 Mar 2026
DEPARTMENT OF EDUCATION,Region XI,Teacher I (Elementary),OSEC-DECSB-TCH1-751390-2018,12 Mar 2026,23 Mar 2026
DEPARTMENT OF EDUCATION,Region XI,Teacher I (Elementary),OSEC-DECSB-TCH1-751174-2018,12 Mar 2026,23 Mar 2026
DEPARTMENT OF EDUCATION,Region XI,Teacher I (Elementary),OSEC-DECSB-TCH1-751494-2018,12 Mar 2026,23 Mar 2026
DEPARTMENT OF EDUCATION,Region XI,Teacher I (Elementary),OSEC-DECSB-TCH1-751192-2018,12 Mar 2026,23 Mar 2026
DEPARTMENT OF EDUCATION,Region XI,Teacher I (Elementary),OSEC-DECSB-TCH1-793745-1998,12 Mar 2026,23 Mar 2026
DEPARTMENT OF EDUCATION,Region XI,Teacher I (Elementary),OSEC-DECSB-TCH1-790387-1998,12 Mar 2026,23 Mar 2026
DEPARTMENT OF EDUCATION,Region XI,Teacher I (Elementary),OSEC-DECSB-TCH1-750411-2014,12 Mar 2026,23 Mar 2026
DEPARTMENT OF EDUCATION,Region XI,Teacher I (Secondary),OSEC-DECSB-TCH1-750321-2011,12 Mar 2026,23 Mar 2026
DEPARTMENT OF EDUCATION,Region XI,Teacher I (Secondary),OSEC-DECSB-TCH1-750270-2019,12 Mar 2026,23 Mar 2026
DEPARTMENT OF EDUCATION,Region XI,Teacher II (Senior High School Teacher II- Academic Track and Core Subjects),OSEC-DECSB-TCH2-750545-2016,12 Mar 2026,23 Mar 2026
NORTH EASTERN MINDANAO STATE UNIVERSITY,CARAGA,Administrative Officer I (Supply Officer I),SDSPSCB-ADOF1-11-2004,12 Mar 2026,24 Mar 2026
NORTH EASTERN MINDANAO STATE UNIVERSITY,CARAGA,Administrative Aide VI (Clerk III),SDSPSCB-ADA6-6-2022,12 Mar 2026,24 Mar 2026
NORTH EASTERN MINDANAO STATE UNIVERSITY,CARAGA,Administrative Assistant II (Property Custodian),SDSPSCB-ADAS2-6-2022,12 Mar 2026,24 Mar 2026
"CGO SURIGAO , SURIGAO DEL NORTE",CARAGA,Day Care Worker I,410,12 Mar 2026,28 Mar 2026
"MGO CARRASCAL, SURIGAO DEL SUR",CARAGA,Administrative Officer IV (Administrative Officer II),1,12 Mar 2026,27 Mar 2026
"MGO ALICIA, ZAMBOANGA SIBUGAY",Region IX,ADMINISTRATIVE AIDE II,3,12 Mar 2026,27 Mar 2026
DEPARTMENT OF EDUCATION,Region V,Teacher III (Secondary),TCH3-390767-2020,12 Mar 2026,22 Mar 2026
DEPARTMENT OF EDUCATION,Region V,Teacher I (Secondary),TCH1-390932-2017,12 Mar 2026,22 Mar 2026
DEPARTMENT OF EDUCATION,Region VIII,TEACHER III (Secondry),OSEC-DECSB-TCH3-540763-2013,12 Mar 2026,22 Mar 2026
DEPARTMENT OF EDUCATION,Region VIII,TEACHER II (Secondry),OSEC-DECSB-TCH2-540081-2015,12 Mar 2026,22 Mar 2026
DEPARTMENT OF EDUCATION,Region VIII,TEACHER II (Secondry),OSEC-DECSB-TCH2-540301-2018,12 Mar 2026,22 Mar 2026
DEPARTMENT OF EDUCATION,Region VIII,TEACHER I (Secondry),OSEC-DECSB-TCH1-540869-2016,12 Mar 2026,22 Mar 2026
DEPARTMENT OF EDUCATION,Region VIII,TEACHER I (Secondry),OSEC-DECSB-TCH1-540553-2012,12 Mar 2026,22 Mar 2026
DEPARTMENT OF EDUCATION,Region VIII,TEACHER I (Secondry),OSEC-DECSB-TCH1-540459-2025,12 Mar 2026,22 Mar 2026
DEPARTMENT OF EDUCATION,Region VIII,ADMINISTRATIVE OFFICER II (Administrative Officer I),OSEC-DECSB-ADOF2-541246-2025,12 Mar 2026,22 Mar 2026
ILOILO SCIENCE AND TECHNOLOGY UNIVERSITY,Region VI,INSTRUCTOR I,WVCSTB-INST1-77-2016,12 Mar 2026,26 Mar 2026
PGO SURIGAO DEL SUR,CARAGA,Accountant II,22,12 Mar 2026,30 Mar 2026
PGO SURIGAO DEL SUR,CARAGA,Administrative Officer V (Management and Audit Analyst III),21,12 Mar 2026,30 Mar 2026
PGO SURIGAO DEL SUR,CARAGA,Agricultural Technologist,36,12 Mar 2026,30 Mar 2026
PGO SURIGAO DEL SUR,CARAGA,Farm Foreman,42,12 Mar 2026,30 Mar 2026
PGO SURIGAO DEL SUR,CARAGA,Security Guard I,87,12 Mar 2026,30 Mar 2026
PGO SURIGAO DEL SUR,CARAGA,Administrative Officer V (Supply Officer III),38,12 Mar 2026,30 Mar 2026
PGO SURIGAO DEL SUR,CARAGA,Sanitation Inspector II,56,12 Mar 2026,30 Mar 2026
PGO SURIGAO DEL SUR,CARAGA,Sanitation Inspector II,57,12 Mar 2026,30 Mar 2026
PGO SURIGAO DEL SUR,CARAGA,Medical Officer III,28,12 Mar 2026,30 Mar 2026
PGO SURIGAO DEL SUR,CARAGA,Nutritionist-Dietitian I,49,12 Mar 2026,30 Mar 2026
PGO SURIGAO DEL SUR,CARAGA,Administrative Aide IV (Clerk II),10,12 Mar 2026,30 Mar 2026
PGO SURIGAO DEL SUR,CARAGA,Medical Specialist III,24,12 Mar 2026,30 Mar 2026
PGO SURIGAO DEL SUR,CARAGA,Local Treasury Operations Assistant,14,12 Mar 2026,30 Mar 2026
DEPARTMENT OF HEALTH,Region VI,Medical Officer III,OSEC-DOHB-MDOF3-420024-2010,12 Mar 2026,25 Mar 2026
PGO DAVAO DEL NORTE,Region XI,Administrative Aide IV (Driver II),PPDO-0009,12 Mar 2026,31 Mar 2026
PGO DAVAO DEL NORTE,Region XI,Project Development Officer III,PPDO-0028,12 Mar 2026,31 Mar 2026
PGO DAVAO DEL NORTE,Region XI,Project Evaluation Officer II,PPDO-0035,12 Mar 2026,31 Mar 2026
PGO DAVAO DEL NORTE,Region XI,Senior Administrative Assistant II,PTO-0009,12 Mar 2026,31 Mar 2026
PGO DAVAO DEL NORTE,Region XI,Project Evaluation Officer II,PPDO-0041,12 Mar 2026,31 Mar 2026
PGO DAVAO DEL NORTE,Region XI,Medical Officer III,PEEDO-IZ-0047,12 Mar 2026,31 Mar 2026
"CGO CATBALOGAN, SAMAR (WESTERN)",Region VIII,ADMINISTRATIVE ASSISTANT II (LABOR GENERAL FOREMAN),571,12 Mar 2026,27 Mar 2026
"CGO CATBALOGAN, SAMAR (WESTERN)",Region VIII,ADMINISTRATIVE ASSISTANT II (LABOR GENERAL FOREMAN),572,12 Mar 2026,27 Mar 2026
METRO KALIBO WATER DISTRICT,Region VI,SENIOR FINANCIAL PLANNING SPECIALIST,MKWD2014-18,12 Mar 2026,31 Mar 2026
METRO KALIBO WATER DISTRICT,Region VI,COLLECTION REPRESENTATIVE A,MKWD2014-28,12 Mar 2026,31 Mar 2026
METRO KALIBO WATER DISTRICT,Region VI,CUSTOMER SERVICE ASSISTANT B,MKWD2014-44,12 Mar 2026,31 Mar 2026
METRO KALIBO WATER DISTRICT,Region VI,CUSTOMER SERVICE ASSISTANT B,MKWD2014-45,12 Mar 2026,31 Mar 2026
METRO KALIBO WATER DISTRICT,Region VI,SECRETARY C,MKWD2017-005,12 Mar 2026,31 Mar 2026
METRO KALIBO WATER DISTRICT,Region VI,SECRETARY C,MKWD2017-001,12 Mar 2026,31 Mar 2026
DEPARTMENT OF EDUCATION,Region IV,Project Development Officer I,OSEC-DECSB-PDO1-300047-2023,12 Mar 2026,22 Mar 2026
"MGO BALAYAN, BATANGAS",Region IV,Traffic Aide II,23,12 Mar 2026,27 Mar 2026
TECHNICAL EDUCATION AND SKILLS DEVELOPMENT AUTHORITY,Region IV,School Librarian I,TESDAB-SL1-141-2017,12 Mar 2026,22 Mar 2026
TECHNICAL EDUCATION AND SKILLS DEVELOPMENT AUTHORITY,Region IV,Instructor II,TESDAB-INST2-15-2017,12 Mar 2026,22 Mar 2026
TECHNICAL EDUCATION AND SKILLS DEVELOPMENT AUTHORITY,Region IV,Administrative Assistant III (Secretary II (A)),TESDAB-ADAS3-300028-2020,12 Mar 2026,22 Mar 2026
TECHNICAL EDUCATION AND SKILLS DEVELOPMENT AUTHORITY,Region IV,Senior Technical Education and Skills Development Specialist,TESDAB-SRTESDS-3-2017,12 Mar 2026,22 Mar 2026
TECHNICAL EDUCATION AND SKILLS DEVELOPMENT AUTHORITY,Region IV,Accountant I,TESDAB-A1-9-2017,12 Mar 2026,22 Mar 2026
TECHNICAL EDUCATION AND SKILLS DEVELOPMENT AUTHORITY,Region IV,Administrative Assistant III (Secretary II (A)),TESDAB-ADAS3-11-2017,12 Mar 2026,22 Mar 2026
TECHNICAL EDUCATION AND SKILLS DEVELOPMENT AUTHORITY,Region IV,Technical Education and Skills Development Specialist II,TESDAB-TESDS2-225-2017,12 Mar 2026,22 Mar 2026
TECHNICAL EDUCATION AND SKILLS DEVELOPMENT AUTHORITY,Region IV,Technical Education and Skills Development Specialist II,TESDAB-TESDS2-18-2019,12 Mar 2026,22 Mar 2026
"MGO TANZA, CAVITE",Region IV,Agricultural Technologist,573,12 Mar 2026,27 Mar 2026
DEPARTMENT OF EDUCATION,Region IV,Teacher II,OSEC-DECSB-TCH2-270116-2004,12 Mar 2026,25 Mar 2026
"MGO Patnanungan, Quezon",Region IV,Administrative Aide IV (Clerk II),34,12 Mar 2026,31 Mar 2026
TECHNICAL EDUCATION AND SKILLS DEVELOPMENT AUTHORITY,Region IV,Assistant Professor III,TESDAB-AP3-87-2017,12 Mar 2026,22 Mar 2026
DEPARTMENT OF EDUCATION,Region IV,Teacher I,OSEC-DECSB-TCH1-277256-2012,12 Mar 2026,22 Mar 2026
DEPARTMENT OF EDUCATION,Region IV,Teacher II,OSEC-DECSB-TCH2-270166-2012,12 Mar 2026,22 Mar 2026
PAROLE AND PROBATION ADMINISTRATION,Region IV,Chief Probation Officer,PPAB-CPRO-131-1998,12 Mar 2026,22 Mar 2026
PAROLE AND PROBATION ADMINISTRATION,Region IV,Supervising Probation Officer,PPAB-SVPROB-281-1998,12 Mar 2026,22 Mar 2026
PAROLE AND PROBATION ADMINISTRATION,Region IV,Chief Probation Officer,PPAB-CPRO-120-1998,12 Mar 2026,22 Mar 2026
PAROLE AND PROBATION ADMINISTRATION,Region IV,Supervising Probation Officer,PPAB-SVPROB-283-1998,12 Mar 2026,22 Mar 2026
DEPARTMENT OF EDUCATION,Region IV,TEACHER III,OSEC-DECSB-TCH3-270371-2020,12 Mar 2026,22 Mar 2026
DEPARTMENT OF EDUCATION,Region IV,TEACHER I,OSEC-DECSB-TCH1-261618-1998,12 Mar 2026,22 Mar 2026
DEPARTMENT OF EDUCATION,Region IV,TEACHER I,OSEC-DECSB-TCH1-270788-2020,12 Mar 2026,22 Mar 2026
DEPARTMENT OF EDUCATION,Region IV,TEACHER II,OSEC-DECSB-TCH2-270129-2007,12 Mar 2026,22 Mar 2026
DEPARTMENT OF EDUCATION,Region IV,TEACHER III,OSEC-DECSB-TCH3-273575-2020,12 Mar 2026,22 Mar 2026
DEPARTMENT OF EDUCATION,Region IV,TEACHER II,OSEC-DECSB-TCH2-250234-1998,12 Mar 2026,22 Mar 2026
DEPARTMENT OF EDUCATION,Region IV,TEACHER II,OSEC-DECSB-TCH2-271942-2023,12 Mar 2026,22 Mar 2026
DEPARTMENT OF EDUCATION,Region IV,TEACHER I,OSEC-DECSB-TCH1-274367-2015,12 Mar 2026,22 Mar 2026
"MGO NAUJAN, ORIENTAL MINDORO",Region IV,Veterinarian III,224,12 Mar 2026,27 Mar 2026
DEPARTMENT OF EDUCATION,Region IV,TEACHER I,OSEC-DECSB-TCH1-271300-1998,12 Mar 2026,22 Mar 2026
"MGO NAUJAN, ORIENTAL MINDORO",Region IV,Engineer I (Agricultural and Biosystems),227,12 Mar 2026,27 Mar 2026
DEPARTMENT OF EDUCATION,Region IV,Teacher I,OSEC-DECSB-TCH1-277256-2012,12 Mar 2026,22 Mar 2026
DEPARTMENT OF EDUCATION,Region IV,Teacher II,OSEC-DECSB-TCH2-270166-2012,12 Mar 2026,22 Mar 2026
DEPARTMENT OF PUBLIC WORKS AND HIGHWAYS,Region IV,Construction and Maintenance Capataz,CMCZ-277-1998,12 Mar 2026,23 Mar 2026
DEPARTMENT OF EDUCATION,Region IV,Teacher I,OSEC-DECSB-TCH1-270836-2014,12 Mar 2026,22 Mar 2026
DEPARTMENT OF PUBLIC WORKS AND HIGHWAYS,Region IV,"Administrative Aide VI 
(Clerk III)",ADA6-270060-2012,12 Mar 2026,23 Mar 2026
DEPARTMENT OF PUBLIC WORKS AND HIGHWAYS,Region IV,Engineer III,ENG3-1722-1998,12 Mar 2026,23 Mar 2026
DEPARTMENT OF PUBLIC WORKS AND HIGHWAYS,Region IV,Construction and Maintenance Capataz,CMCZ-270059-2012,12 Mar 2026,23 Mar 2026
DEPARTMENT OF PUBLIC WORKS AND HIGHWAYS,Region IV,Engineer II,ENG2-270104-2012,12 Mar 2026,23 Mar 2026
DEPARTMENT OF PUBLIC WORKS AND HIGHWAYS,Region IV,Engineer III,ENG3-1610-1998,12 Mar 2026,23 Mar 2026
"CGO BINAN, LAGUNA",Region IV,CITY GOVERNMENT DEPARTMENT HEAD I (LOCAL DISASTER RISK REDUCTION AND MANAGEMENT OFFICER),987,12 Mar 2026,30 Mar 2026
"CGO BINAN, LAGUNA",Region IV,SUPERVISING TOURISM OPERATIONS OFFICER,1081,12 Mar 2026,30 Mar 2026
"CGO BINAN, LAGUNA",Region IV,LOCAL TREASURY OPERATIONS OFFICER II,330,12 Mar 2026,30 Mar 2026
"CGO BINAN, LAGUNA",Region IV,TOURISM OPERATIONS OFFICER I,1085,12 Mar 2026,30 Mar 2026
"MGO JALA-JALA, RIZAL",Region IV,Administrative Assistant V  (Private Secretary I),61,12 Mar 2026,27 Mar 2026
PGO CAVITE,Region IV,ADMINISTRATIVE OFFICER V (ADMINISTRATIVE OFFICER III),520,12 Mar 2026,27 Mar 2026
"MGO JALA-JALA, RIZAL",Region IV,Administrative Assistant II,26,12 Mar 2026,27 Mar 2026
DEPARTMENT OF EDUCATION,Region IV,Teacher I (Senior High School - Academic),OSEC-DECSB-TCH1-270540-2024,12 Mar 2026,22 Mar 2026
DEPARTMENT OF EDUCATION,Region IV,Administrative Assistant III,OSEC-DECSB-ADAS3-270043-2017,12 Mar 2026,22 Mar 2026
DEPARTMENT OF EDUCATION,Region IV,Teacher I (Senior High School - Sports),OSEC-DECSB-TCH1-270540-2024,12 Mar 2026,22 Mar 2026
DEPARTMENT OF EDUCATION,Region IV,Teacher I (Senior High School - Arts and Design),OSEC-DECSB-TCH1-270540-2024,12 Mar 2026,22 Mar 2026
DEPARTMENT OF EDUCATION,Region IV,Teacher I (Senior High School - TVL),OSEC-DECSB-TCH1-270540-2024,12 Mar 2026,22 Mar 2026
DEPARTMENT OF EDUCATION,Region IV,Administrative Assistant III,OSEC-DECSB-ADAS3-270043-2017,12 Mar 2026,22 Mar 2026
DEPARTMENT OF EDUCATION,Region IV,Teacher II (Senior High School - Academic),OSEC-DECSB-TCH2-270542-2017,12 Mar 2026,22 Mar 2026
DEPARTMENT OF EDUCATION,Region IV,Teacher II (Senior High School - TVL),OSEC-DECSB-TCH2-270542-2017,12 Mar 2026,22 Mar 2026
DEPARTMENT OF EDUCATION,Region IV,Teacher II (Senior High School - Sports),OSEC-DECSB-TCH2-270542-2017,12 Mar 2026,22 Mar 2026
DEPARTMENT OF EDUCATION,Region IV,Teacher II (Senior High School - Arts and Design),OSEC-DECSB-TCH2-270542-2017,12 Mar 2026,22 Mar 2026
DEPARTMENT OF EDUCATION,Region IV,Teacher III (Senior High School - Academic),OSEC-DECSB-TCH3-270282-2016,12 Mar 2026,22 Mar 2026
DEPARTMENT OF EDUCATION,Region IV,Teacher III (Senior High School - TVL),OSEC-DECSB-TCH3-270282-2016,12 Mar 2026,22 Mar 2026
DEPARTMENT OF EDUCATION,Region IV,Teacher III (Senior High School - Sports),OSEC-DECSB-TCH3-270282-2016,12 Mar 2026,22 Mar 2026
DEPARTMENT OF EDUCATION,Region IV,Teacher III (Senior High School - Arts and Design),OSEC-DECSB-TCH3-270282-2016,12 Mar 2026,22 Mar 2026
DEPARTMENT OF EDUCATION,Region IV,Teacher I,OSEC-DECSB-TCH1-272930-2018,12 Mar 2026,22 Mar 2026
DEPARTMENT OF EDUCATION,Region IV,Administrative Assistant III,OSEC-DECSB-ADAS3-270307-2022,12 Mar 2026,22 Mar 2026
DEPARTMENT OF EDUCATION,Region IV,Teacher II,OSEC-DECSB-TCH2-240299-1998,12 Mar 2026,22 Mar 2026
OCCIDENTAL MINDORO NATIONAL COLLEGE,Region IV,Administrative Aide VI (Clerk III),OMNCB-ADA6-4-2024,12 Mar 2026,22 Mar 2026
OCCIDENTAL MINDORO NATIONAL COLLEGE,Region IV,"Administrative Assistant II
(Budgeting Assistant)",OMNCB-ADAS2-29-2024,12 Mar 2026,22 Mar 2026
"MGO SANTA CRUZ, OCCIDENTAL MINDORO",Region IV,Revenue Collection Clerk I,3-01-005-11d,12 Mar 2026,27 Mar 2026
DEPARTMENT OF EDUCATION,Region VIII,TEACHER III (Secondry),OSEC-DECSB-TCH3-541061-2018,12 Mar 2026,22 Mar 2026
PGO OCCIDENTAL MINDORO,Region IV,Medical Specialist II,24(9)13- 6,12 Mar 2026,27 Mar 2026
PGO OCCIDENTAL MINDORO,Region IV,Medical Specialist II,24(9)13- 6,12 Mar 2026,27 Mar 2026
Western Philippines University,Region IV,Dormitory Manager III,DORMG3-8-2025,12 Mar 2026,23 Mar 2026
"MGO CALINOG, ILOILO",Region VI,Midwide II,13,12 Mar 2026,31 Mar 2026
"MGO CALINOG, ILOILO",Region VI,Midwide II,15,12 Mar 2026,31 Mar 2026
"MGO CALINOG, ILOILO",Region VI,Local Revenue Collection Officer II,2,12 Mar 2026,31 Mar 2026
"MGO CALINOG, ILOILO",Region VI,Administrative Assistant II (Accounting Clerk III),8,12 Mar 2026,31 Mar 2026
"MGO GUIUAN, EASTERN SAMAR",Region VIII,Day Care Worker I,54,12 Mar 2026,27 Mar 2026
DEPARTMENT OF EDUCATION,Region VIII,SPECIAL SCIENCE TEACHER I,OSEC-DECSB-SPST1-540014-2022,12 Mar 2026,22 Mar 2026
PGO ABRA,CAR,Draftsman II,22,12 Mar 2026,31 Mar 2026
"MGO SAN SEBASTIAN, SAMAR (WESTERN)",Region VIII,ADMINISTRATIVE AIDE 1 (UTILITY WORKER),76,12 Mar 2026,27 Mar 2026
"MGO SAN SEBASTIAN, SAMAR (WESTERN)",Region VIII,ADMINISTRATIVE AIDE 1 (UTILITY WORKER),61,12 Mar 2026,27 Mar 2026
OCCIDENTAL MINDORO NATIONAL COLLEGE,Region IV,Administrative Aide VI (Clerk III),OMNCB-ADA6-4-2024,12 Mar 2026,22 Mar 2026
"MGO SANTA CRUZ, OCCIDENTAL MINDORO",Region IV,Revenue Collection Clerk I,3-01-005-11d,12 Mar 2026,27 Mar 2026
DEPARTMENT OF EDUCATION,Region IV,TEACHER I,OSEC-DECSB-TCH1-274367-2015,12 Mar 2026,22 Mar 2026
DEPARTMENT OF EDUCATION,Region IV,TEACHER II,OSEC-DECSB-TCH2-250234-1998,12 Mar 2026,22 Mar 2026
PGO OCCIDENTAL MINDORO,Region IV,Medical Specialist II,24(9)13- 6,12 Mar 2026,27 Mar 2026
PGO OCCIDENTAL MINDORO,Region IV,Medical Specialist II,24(9)13- 6,12 Mar 2026,27 Mar 2026
Western Philippines University,Region IV,Administrative Officer V,ADOF5-5-2025,12 Mar 2026,23 Mar 2026
Western Philippines University,Region IV,Dormitory Manager III,DORMG3-8-2025,12 Mar 2026,23 Mar 2026
Western Philippines University,Region IV,Administrative Officer II,ADOF2-6-2025,12 Mar 2026,23 Mar 2026
Western Philippines University,Region IV,Food Service Supervisor II,FOSS2-11-2025,12 Mar 2026,23 Mar 2026
Western Philippines University,Region IV,Administrative Officer I,ADOF1-7-2025,12 Mar 2026,23 Mar 2026
Western Philippines University,Region IV,Administrative Assistant III,ADAS3-4-2025,12 Mar 2026,23 Mar 2026
Western Philippines University,Region IV,Houseparent II,HP2-9-2025,12 Mar 2026,23 Mar 2026
Western Philippines University,Region IV,Houseparent II,HP2-10-2025,12 Mar 2026,23 Mar 2026
Western Philippines University,Region IV,Cook II,COK2-13-2025,12 Mar 2026,23 Mar 2026
Western Philippines University,Region IV,Cook I,COK1-15-2025,12 Mar 2026,23 Mar 2026
"MGO CALINOG, ILOILO",Region VI,Midwide II,13,12 Mar 2026,31 Mar 2026
"MGO CALINOG, ILOILO",Region VI,Midwide II,15,12 Mar 2026,31 Mar 2026
"MGO CALINOG, ILOILO",Region VI,Local Revenue Collection Officer II,2,12 Mar 2026,31 Mar 2026
"MGO CALINOG, ILOILO",Region VI,Administrative Assistant II (Accounting Clerk III),8,12 Mar 2026,31 Mar 2026
"MGO GUIUAN, EASTERN SAMAR",Region VIII,Day Care Worker I,54,12 Mar 2026,27 Mar 2026
DEPARTMENT OF EDUCATION,Region VIII,SPECIAL SCIENCE TEACHER I,OSEC-DECSB-SPST1-540014-2022,12 Mar 2026,22 Mar 2026
PGO ABRA,CAR,Draftsman II,22,12 Mar 2026,31 Mar 2026
DEPARTMENT OF HEALTH,CAR,Development Management Officer IV,OSEC-DOHB-DMO4-90015-2014,12 Mar 2026,24 Mar 2026
DEPARTMENT OF HEALTH,CAR,Computer Maintenance Technologist III,OSEC-DOHB-CTMT3-90007-2014,12 Mar 2026,24 Mar 2026
"MGO SAN SEBASTIAN, SAMAR (WESTERN)",Region VIII,ADMINISTRATIVE AIDE 1 (UTILITY WORKER),76,12 Mar 2026,27 Mar 2026
"MGO SAN SEBASTIAN, SAMAR (WESTERN)",Region VIII,ADMINISTRATIVE AIDE 1 (UTILITY WORKER),61,12 Mar 2026,27 Mar 2026
BOHOL ISLAND STATE UNIVERSITY,Region VII,Administrative Officer II (HRMO I),CVSCAFTB-ADOF2-2-2022,12 Mar 2026,22 Mar 2026
DEPARTMENT OF EDUCATION,Region VII,Administrative Assistant III,OSEC-DECSB-ADAS3-510007-2018,12 Mar 2026,22 Mar 2026
"MGO SAN SEBASTIAN, SAMAR (WESTERN)",Region VIII,ADMINISTRATIVE AIDE III (DRIVER I),77,12 Mar 2026,27 Mar 2026
BOHOL ISLAND STATE UNIVERSITY,Region VII,Administrative Officer IV (HRMO II),CVSCAFTB-ADOF4-32-2004,12 Mar 2026,22 Mar 2026
BOHOL ISLAND STATE UNIVERSITY,Region VII,Administrative Officer III,CVSCAFTB-ADOF3-7-2022,12 Mar 2026,22 Mar 2026
DEPARTMENT OF PUBLIC WORKS AND HIGHWAYS,Region VII,ATTORNEY III,OSEC-DPWHB-ATY3-510004-2018,12 Mar 2026,22 Mar 2026
DEPARTMENT OF PUBLIC WORKS AND HIGHWAYS,Region VII,COMPUTER PROGRAMMER II,OSEC-DPWHB-COMPRO2-510040-2012,12 Mar 2026,22 Mar 2026
DEPARTMENT OF PUBLIC WORKS AND HIGHWAYS,Region VII,ENGINEER II,OSEC-DPWHB-ENG2-988-2019,12 Mar 2026,22 Mar 2026
DEPARTMENT OF PUBLIC WORKS AND HIGHWAYS,Region VII,ENGINEER II,OSEC-DPWHB-ENG2-990-2019,12 Mar 2026,22 Mar 2026
DEPARTMENT OF PUBLIC WORKS AND HIGHWAYS,Region VII,ADMINISTRATIVE OFFICER II (HRMO I),OSEC-DPWHB-ADOF2-510041-2012,12 Mar 2026,22 Mar 2026
DEPARTMENT OF PUBLIC WORKS AND HIGHWAYS,Region VII,DREDGEMAN FOREMAN,OSEC-DPWHB-DGNF-510004-2012,12 Mar 2026,22 Mar 2026
DEPARTMENT OF PUBLIC WORKS AND HIGHWAYS,Region VII,LABORATORY TECHNICIAN I,OSEC-DPWHB-LABT1-143-1998,12 Mar 2026,22 Mar 2026
DEPARTMENT OF PUBLIC WORKS AND HIGHWAYS,Region VII,ENGINEER II,OSEC-DPWHB-ENG2-533-1998,12 Mar 2026,22 Mar 2026
DEPARTMENT OF PUBLIC WORKS AND HIGHWAYS,Region VII,ENGINEER II,OSEC-DPWHB-ENG2-510086-2012,12 Mar 2026,22 Mar 2026
DEPARTMENT OF PUBLIC WORKS AND HIGHWAYS,Region VII,HEAVY EQUIPMENT OPERATOR I,OSEC-DPWHB-HEO1-510054-2012,12 Mar 2026,22 Mar 2026
DEPARTMENT OF PUBLIC WORKS AND HIGHWAYS,Region VII,ADMINISTRATIVE ASSISTANT II (Clerk IV),OSEC-DPWHB-ADAS2-510038-2012,12 Mar 2026,22 Mar 2026
DEPARTMENT OF PUBLIC WORKS AND HIGHWAYS,Region VII,ADMINISTRATIVE ASSISTANT II (Clerk IV),OSEC-DPWHB-ADAS2-510023-2012,12 Mar 2026,22 Mar 2026
DEPARTMENT OF PUBLIC WORKS AND HIGHWAYS,Region VII,ENGINEER III,OSEC-DPWHB-ENG3-324-1998,12 Mar 2026,22 Mar 2026
DEPARTMENT OF EDUCATION,Region I,TEACHER I,OSEC-DECSB-TCH1-60415-2017,12 Mar 2026,23 Mar 2026
DEPARTMENT OF EDUCATION,Region I,TEACHER I,OSEC-DECSB-TCH1-75822-1998,12 Mar 2026,23 Mar 2026
DEPARTMENT OF EDUCATION,Region I,TEACHER I,OSEC-DECSB-TCH1-61321-2012,12 Mar 2026,23 Mar 2026
DEPARTMENT OF EDUCATION,Region I,TEACHER II,OSEC-DECSB-TCH2-60048-2024,12 Mar 2026,23 Mar 2026
DEPARTMENT OF EDUCATION,Region I,TEACHER II,OSEC-DECSB-TCH2-67752-1998,12 Mar 2026,23 Mar 2026
DEPARTMENT OF EDUCATION,Region I,TEACHER III,OSEC-DECSB-TCH3-71335-1998,12 Mar 2026,23 Mar 2026
DEPARTMENT OF EDUCATION,Region I,TEACHER III,OSEC-DECSB-TCH3-60174-2017,12 Mar 2026,23 Mar 2026
DEPARTMENT OF EDUCATION,Region I,TEACHER III,OSEC-DECSB-TCH3-67861-1998,12 Mar 2026,23 Mar 2026
DEPARTMENT OF EDUCATION,Region I,TEACHER I,OSEC-DECSB-TCH1-75530-2017,12 Mar 2026,23 Mar 2026
"MGO MINA, ILOILO",Region VI,Social Welfare Officer  I,5,12 Mar 2026,28 Mar 2026
"MGO MINA, ILOILO",Region VI,Social Welfare Officer II,3,12 Mar 2026,28 Mar 2026
"MGO MINA, ILOILO",Region VI,Engineering Assistant,12,12 Mar 2026,28 Mar 2026
"MGO MINA, ILOILO",Region VI,Social Welfare Aide,17,12 Mar 2026,28 Mar 2026
"MGO MINA, ILOILO",Region VI,Social Welfare Aide,15,12 Mar 2026,28 Mar 2026
"MGO MINA, ILOILO",Region VI,Administrative Assistant IV,5,12 Mar 2026,28 Mar 2026
"MGO MINA, ILOILO",Region VI,MUNICIPAL GOVERNMENT DEPARTMENT HEAD I,1,12 Mar 2026,28 Mar 2026
DEPARTMENT OF HEALTH,Region I,Medical Specialist II (Part-time),OSEC-DOHB-MDSP2-60046-1998,12 Mar 2026,22 Mar 2026
DEPARTMENT OF EDUCATION,Region I,Teacher I (Secondary),OSEC-DECSB-TCH1-61012-2014,12 Mar 2026,27 Mar 2026
DEPARTMENT OF HEALTH,Region I,Medical Officer III,OSEC-DOHB-MDOF3-60011-1998,12 Mar 2026,22 Mar 2026
DEPARTMENT OF HEALTH,Region I,Medical Officer III,OSEC-DOHB-MDOF3-60015-1998,12 Mar 2026,22 Mar 2026
DEPARTMENT OF HEALTH,Region I,Medical Officer III,OSEC-DOHB-MDOF3-60035-2015,12 Mar 2026,22 Mar 2026
DEPARTMENT OF HEALTH,Region I,Medical Officer III,OSEC-DOHB-MDOF3-60122-2015,12 Mar 2026,22 Mar 2026
DEPARTMENT OF HEALTH,Region I,Nurse I,OSEC-DOHB-NUR1-60182-2015,12 Mar 2026,22 Mar 2026
DEPARTMENT OF HEALTH,Region I,Radiologic Technologist I,OSEC-DOHB-RT1-60029-2014,12 Mar 2026,22 Mar 2026
DEPARTMENT OF HEALTH,Region I,Administrative Assistant I,OSEC-DOHB-ADAS1-60054-2014,12 Mar 2026,22 Mar 2026
DEPARTMENT OF PUBLIC WORKS AND HIGHWAYS,Region I,Laboratory Technician II,LABT2-60006-2019,12 Mar 2026,23 Mar 2026
"MGO NUEVA ERA, ILOCOS NORTE",Region I,Day Care Worker I,13,12 Mar 2026,27 Mar 2026
DEPARTMENT OF EDUCATION,Region I,Teacher III (Secondary),OSEC-DECSB-TCH3-61662-2014,12 Mar 2026,22 Mar 2026
"CGO MARAWI, LANAO DEL SUR",BARMM,Administrative Aide III (Laborer II),10.41,12 Mar 2026,27 Mar 2026
"CGO MARAWI, LANAO DEL SUR",BARMM,Administrative Aide IV (Clerk II),3.13,12 Mar 2026,27 Mar 2026
"CGO MARAWI, LANAO DEL SUR",BARMM,Engineering Aide,10.32,12 Mar 2026,27 Mar 2026
"CGO MARAWI, LANAO DEL SUR",BARMM,Engineer Assistant,10.12,12 Mar 2026,27 Mar 2026
"MGO BANGUIGUI, SULU",BARMM,MUNICIPAL GOVERNMENT ASSISTANT DEPARTMENT HEAD I (ASSISTANT MUNICIPAL TREASURER),41,12 Mar 2026,27 Mar 2026
"MGO BANGUIGUI, SULU",BARMM,ADMINISTRATIVE AIDE II (BOOKBINDER I),55,12 Mar 2026,27 Mar 2026
"MGO BANGUIGUI, SULU",BARMM,LOCAL ASSESSMENT OPERATIONS OFFICER I,57,12 Mar 2026,27 Mar 2026
"MGO BANGUIGUI, SULU",BARMM,ADMINISTRATIVE AIDE II (BOOKBINDER I),61,12 Mar 2026,27 Mar 2026
"MGO BANGUIGUI, SULU",BARMM,ADMINISTRATIVE OFFICER IV (ADMINISTRATIVE OFFICER II),67,12 Mar 2026,27 Mar 2026
"MGO BANGUIGUI, SULU",BARMM,MUNICIPAL GOVERNMENT ASSISTANT DEPARTMENT HEAD I (MUNICIPAL ACCOUNTANT),65,12 Mar 2026,27 Mar 2026
"MGO BANGUIGUI, SULU",BARMM,MUNICIPAL GOVERNMENT DEPARTMENT HEAD I (MUNICIPAL PLANNING AND DEVELOPMENT COORDINATOR I),68,12 Mar 2026,27 Mar 2026
"MGO BANGUIGUI, SULU",BARMM,ADMINISTRATIVE AIDE III (CLERK I),69,12 Mar 2026,27 Mar 2026
"MGO BANGUIGUI, SULU",BARMM,ADMINISTRATIVE AIDE I (LABORER I),79,12 Mar 2026,27 Mar 2026
"MGO BANGUIGUI, SULU",BARMM,ADMINISTRATIVE AIDE III (CLERK I),99,12 Mar 2026,27 Mar 2026
"MGO BANGUIGUI, SULU",BARMM,ADMINISTRATIVE OFFICER IV (ADMINISTRATIVE OFFICER II),110,12 Mar 2026,27 Mar 2026
"MGO PANGUTARAN, SULU",BARMM,DISABILITY AFFAIRS OFFICER III,42,12 Mar 2026,27 Mar 2026
"MGO PANGUTARAN, SULU",BARMM,SOCIAL WELFARE OFFICER III,43,12 Mar 2026,27 Mar 2026
"MGO PANGUTARAN, SULU",BARMM,SENIOR AGRICULTURIST,45,12 Mar 2026,27 Mar 2026
"MGO PANGUTARAN, SULU",BARMM,SENIOR COOPERATIVE DEVELOPMENT SPECIALIST,44,12 Mar 2026,27 Mar 2026
"MGO PANGUTARAN, SULU",BARMM,NUTRITION OFFICER I,47,12 Mar 2026,27 Mar 2026
ADIONG MEMORIAL POLYTECHNIC STATE COLLEGE,BARMM,Administrative Officer IV,AMPCB-ADOF4-16-2023,12 Mar 2026,22 Mar 2026
ADIONG MEMORIAL POLYTECHNIC STATE COLLEGE,BARMM,Administrative Officer II,AMPCB-ADOF2-11-2023,12 Mar 2026,22 Mar 2026
"MGO PANDAMI, SULU",BARMM,"Municipal Government Department Head I
 (Municipal Budget Officer)",37,12 Mar 2026,27 Mar 2026
"MGO PANDAMI, SULU",BARMM,Local Treasury Operation Officer II,52,12 Mar 2026,27 Mar 2026
"MGO SIASI, SULU",BARMM,Municipal Government Assistant Department Head I (Local disaster Risk Reduction and Management Officer),145,12 Mar 2026,27 Mar 2026
"MGO PAGLAT, MAGUINDANAO",BARMM,DRAFTSMAN III,2,12 Mar 2026,27 Mar 2026
MINDANAO STATE UNIVERSITY MAIN CAMPUS,BARMM,UNIVERSITY SECRETARY I,MSUB-UNISEC1-1-1998,12 Mar 2026,22 Mar 2026
"MGO AKBAR, BASILAN",BARMM,Social Welfare Officer II,5,12 Mar 2026,27 Mar 2026
"MGO AKBAR, BASILAN",BARMM,Administrative Assistant V,2,12 Mar 2026,27 Mar 2026
"MGO AKBAR, BASILAN",BARMM,Administrative Aide III (Driver I),4,12 Mar 2026,27 Mar 2026
"MGO AKBAR, BASILAN",BARMM,Administrative Aide II (Messenger),6,12 Mar 2026,27 Mar 2026
"MGO AKBAR, BASILAN",BARMM,Administrative Aide I (Utility Worker),7,12 Mar 2026,27 Mar 2026
"MGO AKBAR, BASILAN",BARMM,Municipal Agriculture,1,12 Mar 2026,27 Mar 2026
"MGO AKBAR, BASILAN",BARMM,Farm Worker I,5,12 Mar 2026,27 Mar 2026
"MGO AKBAR, BASILAN",BARMM,Administrative Aide II (Bookbinder II),4,12 Mar 2026,27 Mar 2026
"MGO AKBAR, BASILAN",BARMM,Agriculturist I,2,12 Mar 2026,27 Mar 2026
"MGO AKBAR, BASILAN",BARMM,Municipal Accountant,1,12 Mar 2026,27 Mar 2026
"MGO AKBAR, BASILAN",BARMM,Farm Worker I,7,12 Mar 2026,27 Mar 2026
"MGO AKBAR, BASILAN",BARMM,Administrative Assistant III,4,12 Mar 2026,27 Mar 2026
"MGO AKBAR, BASILAN",BARMM,Administrative Officer II,3,12 Mar 2026,27 Mar 2026
"MGO AKBAR, BASILAN",BARMM,Accountant II,6,12 Mar 2026,27 Mar 2026
"MGO AKBAR, BASILAN",BARMM,Administrative Assistant II,5,12 Mar 2026,27 Mar 2026
"MGO MULONDO, LANAO DEL SUR",BARMM,Municipal Treasurer,C-01,12 Mar 2026,27 Mar 2026
Western Philippines University,Region IV,Cook I,COK1-15-2025,12 Mar 2026,23 Mar 2026
Western Philippines University,Region IV,Cook II,COK2-13-2025,12 Mar 2026,23 Mar 2026
Western Philippines University,Region IV,Houseparent II,HP2-10-2025,12 Mar 2026,23 Mar 2026
Western Philippines University,Region IV,Houseparent II,HP2-9-2025,12 Mar 2026,23 Mar 2026
Western Philippines University,Region IV,Administrative Assistant III,ADAS3-4-2025,12 Mar 2026,23 Mar 2026
Western Philippines University,Region IV,Administrative Officer I,ADOF1-7-2025,12 Mar 2026,23 Mar 2026
Western Philippines University,Region IV,Food Service Supervisor II,FOSS2-11-2025,12 Mar 2026,23 Mar 2026
Western Philippines University,Region IV,Administrative Officer II,ADOF2-6-2025,12 Mar 2026,23 Mar 2026
Western Philippines University,Region IV,Administrative Officer V,ADOF5-5-2025,12 Mar 2026,23 Mar 2026
DEPARTMENT OF HEALTH,Region I,Medical Officer III,OSEC-DOHB-MDOF3-60011-1998,12 Mar 2026,22 Mar 2026
"MGO BANGUIGUI, SULU",BARMM,MUNICIPAL GOVERNMENT ASSISTANT DEPARTMENT HEAD I (ASSISTANT MUNICIPAL TREASURER),41,12 Mar 2026,27 Mar 2026
"CGO MARAWI, LANAO DEL SUR",BARMM,Engineer Assistant,10.12,12 Mar 2026,27 Mar 2026
DEPARTMENT OF EDUCATION,Region IV,Master Teacher I (Elementary),OSEC-DECSB-MTCHR1-270027-2021,12 Mar 2026,23 Mar 2026
DEPARTMENT OF EDUCATION,Region IV,Teacher III (Elementary),OSEC-DECSB-TCH3-244976-1998,12 Mar 2026,23 Mar 2026
DEPARTMENT OF EDUCATION,Region IV,Teacher III (Elementary),OSEC-DECSB-TCH3-240558-1998,12 Mar 2026,23 Mar 2026
DEPARTMENT OF EDUCATION,Region IV,Teacher I (Elementary),OSEC-DECSB-TCH1-240431-2000,12 Mar 2026,23 Mar 2026
"MGO BAY, LAGUNA",Region IV,Medical Officer III,2,12 Mar 2026,28 Mar 2026
PGO CAVITE,Region IV,MEDICAL SPECIALIST III (Part Time),1029,12 Mar 2026,27 Mar 2026
PGO CAVITE,Region IV,MEDICAL SPECIALIST III (Part Time),1029,12 Mar 2026,27 Mar 2026
DEPARTMENT OF EDUCATION,Region IV,Teacher I,OSEC-DECSB-TCH1-270419-2020,12 Mar 2026,23 Mar 2026
DEPARTMENT OF EDUCATION,Region IV,Teacher I,OSEC-DECSB-TCH1-271442-2015,12 Mar 2026,23 Mar 2026
DEPARTMENT OF EDUCATION,Region IV,Teacher I,OSEC-DECSB-TCH1-273791-2012,12 Mar 2026,23 Mar 2026
BATANGAS STATE UNIVERSITY,Region IV,Attorney IV,BTSUB-ATY4-103-2022,12 Mar 2026,22 Mar 2026
PGO CAVITE,Region IV,DEVELOPMENT MANAGEMENT OFFICER III,2059,12 Mar 2026,27 Mar 2026
"CGO TRECE MARTIRES , CAVITE",Region IV,Tourism Operations Officer I,64,12 Mar 2026,27 Mar 2026
DEPARTMENT OF EDUCATION,Region IV,TEACHER III,OSEC-DECSB-TCH3-240187-1999,12 Mar 2026,23 Mar 2026
DEPARTMENT OF EDUCATION,Region IV,TEACHER II,OSEC-DECSB-TCH2-271736-2020,12 Mar 2026,23 Mar 2026
DEPARTMENT OF EDUCATION,Region IV,TEACHER II,OSEC-DECSB-TCH2-271737-2020,12 Mar 2026,23 Mar 2026
DEPARTMENT OF EDUCATION,Region IV,TEACHER II,OSEC-DECSB-TCH2-272956-2022,12 Mar 2026,23 Mar 2026
"MGO REAL, QUEZON",Region IV,Administrative Aide IV (Electrician I),1061-005,12 Mar 2026,31 Mar 2026
"MGO REAL, QUEZON",Region IV,Warehouseman I,1061-004,12 Mar 2026,31 Mar 2026
"MGO REAL, QUEZON",Region IV,Building Inspector,8751-005,12 Mar 2026,31 Mar 2026
"MGO REAL, QUEZON",Region IV,Engineer I,8751-004,12 Mar 2026,31 Mar 2026
"MGO REAL, QUEZON",Region IV,Engineer II,8751-003,12 Mar 2026,31 Mar 2026
"MGO REAL, QUEZON",Region IV,Planning Officer III,1041-002,12 Mar 2026,31 Mar 2026
"MGO REAL, QUEZON",Region IV,Administrative Officer V (Budget Officer III),1071-002,12 Mar 2026,31 Mar 2026
"MGO REAL, QUEZON",Region IV,Administrative Officer V (Human Resource Management Officer III),1032-002,12 Mar 2026,31 Mar 2026
DEPARTMENT OF PUBLIC WORKS AND HIGHWAYS,Region V,Engineer II,OSEC-DPWHB-ENG2-613-2015,12 Mar 2026,23 Mar 2026
SUPREME COURT OF THE PHILIPPINES,NCR,Court Stenographer II,CSTG2-44-1999,12 Mar 2026,22 Mar 2026
SUPREME COURT OF THE PHILIPPINES,NCR,Court Stenographer II,CSTG2-451-1998,12 Mar 2026,22 Mar 2026
SUPREME COURT OF THE PHILIPPINES,NCR,Clerk IV,CK4-51-2014,12 Mar 2026,22 Mar 2026
SUPREME COURT OF THE PHILIPPINES,NCR,Utility Worker I,UTW1-88-2004,12 Mar 2026,22 Mar 2026
SUPREME COURT OF THE PHILIPPINES,NCR,Court Legal Researcher I,CLR1-17-2002,12 Mar 2026,22 Mar 2026
SUPREME COURT OF THE PHILIPPINES,NCR,Process Server,PROCS-59-2002,12 Mar 2026,22 Mar 2026
SUPREME COURT OF THE PHILIPPINES,NCR,Utility Worker I,UTW1-786-1998,12 Mar 2026,22 Mar 2026
SUPREME COURT OF THE PHILIPPINES,NCR,Clerk III,CK3-1469-1998,12 Mar 2026,22 Mar 2026
SUPREME COURT OF THE PHILIPPINES,NCR,Interpreter II,INTER2-52-2002,12 Mar 2026,22 Mar 2026
SUPREME COURT OF THE PHILIPPINES,NCR,Clerk of Court IV,CKC4-17-2007,12 Mar 2026,22 Mar 2026
SUPREME COURT OF THE PHILIPPINES,NCR,Court Legal Researcher I,CLR1-107-1998,12 Mar 2026,22 Mar 2026
SUPREME COURT OF THE PHILIPPINES,NCR,Process Server,PROCS-256-1998,12 Mar 2026,22 Mar 2026
SUPREME COURT OF THE PHILIPPINES,NCR,Court Stenographer II,CSTG2-160-2007,12 Mar 2026,22 Mar 2026
SUPREME COURT OF THE PHILIPPINES,NCR,Utility Worker I,UTE1-1183-1998,12 Mar 2026,22 Mar 2026
SUPREME COURT OF THE PHILIPPINES,NCR,Clerk of Court III,CKC3-100-1998,12 Mar 2026,22 Mar 2026
SUPREME COURT OF THE PHILIPPINES,NCR,Clerk of Court III,CKC3-175-1998,12 Mar 2026,22 Mar 2026
SUPREME COURT OF THE PHILIPPINES,NCR,Court Stenographer II,CSTG2-627-1998,12 Mar 2026,22 Mar 2026
SUPREME COURT OF THE PHILIPPINES,NCR,Sheriff III,SHE3-98-2007,12 Mar 2026,22 Mar 2026
SUPREME COURT OF THE PHILIPPINES,NCR,Clerk IV,CK4-30-2000,12 Mar 2026,22 Mar 2026
DEPARTMENT OF JUSTICE,Region V,Administrative Officer V,ADOF5-234-05,12 Mar 2026,22 Mar 2026
DEPARTMENT OF JUSTICE,Region V,Administrative Officer IV,ADOF4-201-05,12 Mar 2026,22 Mar 2026
DEPARTMENT OF JUSTICE,Region V,Administrative Assistant V,ADAS5-362-2017,12 Mar 2026,22 Mar 2026
DEPARTMENT OF JUSTICE,Region V,Administrative Assistant III,ADAS3-98-05,12 Mar 2026,22 Mar 2026
DEPARTMENT OF JUSTICE,Region V,Administrative Aide IV,ADA4-282-05,12 Mar 2026,22 Mar 2026
SUPREME COURT OF THE PHILIPPINES,NCR,Interpreter III,INTER3-384-1998,12 Mar 2026,22 Mar 2026
SUPREME COURT OF THE PHILIPPINES,NCR,Utility Worker I,UTW1-1841-1998,12 Mar 2026,22 Mar 2026
SUPREME COURT OF THE PHILIPPINES,NCR,Clerk II,CK2-63-1998,12 Mar 2026,22 Mar 2026
SUPREME COURT OF THE PHILIPPINES,NCR,Court Legal Researcher II,CLR2-438-1998,12 Mar 2026,22 Mar 2026
SUPREME COURT OF THE PHILIPPINES,NCR,Interpreter III,INTER3-648-1998,12 Mar 2026,22 Mar 2026
SUPREME COURT OF THE PHILIPPINES,NCR,Clerk III,CK3-40-2021,12 Mar 2026,22 Mar 2026
SUPREME COURT OF THE PHILIPPINES,NCR,Clerk of Court V,CKC5-574-1998,12 Mar 2026,22 Mar 2026
SUPREME COURT OF THE PHILIPPINES,NCR,Court Stenographer III,CSTG3-48-2021,12 Mar 2026,22 Mar 2026
SUPREME COURT OF THE PHILIPPINES,NCR,Court Stenographer III,CSTG3-50-2021,12 Mar 2026,22 Mar 2026
SUPREME COURT OF THE PHILIPPINES,NCR,Sheriff IV,SHE4-28-2021,12 Mar 2026,22 Mar 2026
SUPREME COURT OF THE PHILIPPINES,NCR,Court Legal Researcher II,CLR2-419-1998,12 Mar 2026,22 Mar 2026
SUPREME COURT OF THE PHILIPPINES,NCR,Clerk III,CK3-41-2021,12 Mar 2026,22 Mar 2026
SUPREME COURT OF THE PHILIPPINES,NCR,Sheriff IV,SHE4-14-2017,12 Mar 2026,22 Mar 2026
SUPREME COURT OF THE PHILIPPINES,NCR,Clerk III,CK3-26-2017,12 Mar 2026,22 Mar 2026
SUPREME COURT OF THE PHILIPPINES,NCR,Court Stenographer III,CSTG3-382-2015,12 Mar 2026,22 Mar 2026
SUPREME COURT OF THE PHILIPPINES,NCR,Clerk III,CK3-401-2014,12 Mar 2026,22 Mar 2026
SUPREME COURT OF THE PHILIPPINES,NCR,Clerk III,CK3-291-2015,12 Mar 2026,22 Mar 2026
SUPREME COURT OF THE PHILIPPINES,NCR,Clerk of Court V,CKC5-122-2014,12 Mar 2026,22 Mar 2026
SUPREME COURT OF THE PHILIPPINES,NCR,Court Stenographer III,CSTG3-1174-1998,12 Mar 2026,22 Mar 2026
SUPREME COURT OF THE PHILIPPINES,NCR,Clerk of Court V,CKC5-246-1998,12 Mar 2026,22 Mar 2026
SUPREME COURT OF THE PHILIPPINES,NCR,Court Stenographer III,CSTG3-988-1998,12 Mar 2026,22 Mar 2026
SUPREME COURT OF THE PHILIPPINES,NCR,Clerk III,CK3-370-2014,12 Mar 2026,22 Mar 2026
